{
  "mom_12_1": 0.2738210065345454,
  "mom_6_1": 0.10317902337714953,
  "prox_52w": 0.03308357780972328,
  "breakout_100": 0.2317639666437223,
  "dist_sma200": 0.1490888102803434,
  "low_vol_252": 0.04133689005630239,
  "rsi_14": 0.1677267252982137
}